Cuvee,Provenance,statut,Cave,Ajouté_le,Emplacement,Prix
1,Achat Fervier vente à la propriété.com,à boire,2,06/02/2020,Clayette 1 & 6,"19,00"
1,Achat Fervier vente à la propriété.com,à boire,2,06/02/2020,Clayette 1 & 6,"19,00"
12,Soirée 01/01/18 Pascal,à boire,2,01/01/2018,0,"0,00"
14,SVI Dec 21,à boire,2,02/12/2021,,"12,70"
14,SVI Dec 21,à boire,2,02/12/2021,,"12,70"
14,SVI Dec 21,à boire,2,02/12/2021,,"12,70"
14,SVI Dec 21,à boire,2,02/12/2021,,"12,70"
15,SVI Dec 21,à boire,2,02/12/2021,,"21,70"
15,SVI Dec 21,à boire,2,02/12/2021,,"21,70"
15,SVI Dec 21,à boire,2,02/12/2021,,"21,70"
16,SVI Dec 21,à boire,2,02/12/2021,,"21,70"
16,SVI Dec 21,à boire,2,02/12/2021,,"21,70"
16,SVI Dec 21,à boire,2,02/12/2021,,"21,70"
18,Achat UnP St Emilion Avril 14,à boire,3,16/04/2014,Chez Hourlier,"20,00"
18,Achat UnP St Emilion Avril 14,à boire,3,16/04/2014,Chez Hourlier,"20,00"
23,SVI Dec 21,à boire,1,02/12/2021,,"32,00"
23,SVI Dec 21,à boire,1,02/12/2021,,"32,00"
23,SVI Dec 21,à boire,1,02/12/2021,,"32,00"
24,SVI Dec 21,à boire,2,02/12/2021,,"10,60"
24,SVI Dec 21,à boire,2,02/12/2021,,"10,60"
24,SVI Dec 21,à boire,2,02/12/2021,,"10,60"
24,SVI Dec 21,à boire,2,02/12/2021,,"10,60"
25,Achats Vignerons Indep Avril 2015,à boire,1,12/05/2015,Orleans,"37,00"
27,Achats Vignerons Indep Avril 2015,à boire,1,12/05/2015,Orleans,"18,00"
30,Achat 1j1V Nov 2016,à boire,3,17/12/2016,0,"14,00"
31,SVI Dec 21,à boire,2,02/12/2021,,"13,00"
31,SVI Dec 21,à boire,2,02/12/2021,,"13,00"
31,SVI Dec 21,à boire,2,02/12/2021,,"13,00"
32,SVI Dec 21,à boire,2,02/12/2021,,"32,00"
32,SVI Dec 21,à boire,2,02/12/2021,,"32,00"
32,SVI Dec 21,à boire,2,02/12/2021,,"32,00"
37,SVI Mars 2017,à boire,3,28/04/2017,0,"42,00"
38,SVI Nov 2019,à boire,1,29/11/2019,0,"18,50"
38,SVI Nov 2019,à boire,1,29/11/2019,0,"18,50"
38,SVI Nov 2019,à boire,1,29/11/2019,0,"18,50"
38,SVI Nov 2019,à boire,1,29/11/2019,0,"18,50€"
38,SVI Nov 2019,à boire,2,29/11/2019,0,"18,50€"
44,Achat Avril 14,à boire,3,16/04/2014,Chez Hourlier,"13,00€"
44,Achat Avril 14,à boire,3,16/04/2014,Chez Hourlier,"13,00€"
44,Achat Avril 14,à boire,3,16/04/2014,Chez Hourlier,"13,00€"
44,Achat Avril 14,à boire,2,16/04/2014,Chez Hourlier,"13,00€"
46,Achat Avril 14,à boire,2,16/04/2014,Clayette 1,"7,50€"
49,SVI Mars 2017,à boire,3,28/04/2017,0,"29,00€"
49,SVI Mars 2017,à boire,3,28/04/2017,0,"29,00€"
49,SVI Mars 2017,à boire,3,28/04/2017,0,"29,00€"
49,SVI Mars 2017,à boire,3,28/04/2017,0,"29,00€"
49,SVI Mars 2017,à boire,3,28/04/2017,0,"29,00€"
49,SVI Mars 2017,à boire,3,28/04/2017,0,"29,00€"
49,SVI Mars 2017,à boire,3,28/04/2017,0,"29,00€"
49,SVI Mars 2017,à boire,3,28/04/2017,0,"29,00€"
49,SVI Mars 2017,à boire,3,28/04/2017,0,"29,00€"
49,SVI Mars 2017,à boire,3,28/04/2017,0,"29,00€"
49,SVI Mars 2017,à boire,3,28/04/2017,0,"29,00€"
49,SVI Mars 2017,à boire,3,28/04/2017,0,"29,00€"
49,SVI Mars 2017,à boire,3,28/04/2017,0,"29,00€"
49,SVI Mars 2017,à boire,3,28/04/2017,0,"29,00€"
49,SVI Mars 2017,à boire,3,28/04/2017,0,"29,00€"
49,SVI Mars 2017,à boire,3,28/04/2017,0,"29,00€"
49,SVI Mars 2017,à boire,3,28/04/2017,0,"29,00€"
49,SVI Mars 2017,à boire,3,28/04/2017,0,"29,00€"
49,SVI Mars 2017,à boire,3,28/04/2017,0,"29,00€"
51,Achat Primeur 2020,à boire,1,25/11/2021,,"24,00€"
52,Achat Primeur 2020,à boire,1,25/11/2021,,"12,00€"
57,Achat Primeur 2020,à boire,1,25/11/2021,,"22,00€"
57,Achat Primeur 2020,à boire,1,25/11/2021,,"22,00€"
57,Achat Primeur 2020,à boire,1,25/11/2021,,"22,00€"
57,Achat Primeur 2020,à boire,1,25/11/2021,,"22,00€"
57,Achat Primeur 2020,à boire,1,25/11/2021,,"22,00€"
57,Achat Primeur 2020,à boire,1,25/11/2021,,"22,00€"
57,Achat Primeur 2020,à boire,1,25/11/2021,,"22,00€"
57,Achat Primeur 2020,à boire,1,25/11/2021,,"22,00€"
57,Achat Primeur 2020,à boire,1,25/11/2021,,"22,00€"
57,Achat Primeur 2020,à boire,1,25/11/2021,,"22,00€"
57,Achat Primeur 2020,à boire,1,25/11/2021,,"22,00€"
57,Achat Primeur 2020,à boire,1,25/11/2021,,"22,00€"
57,Achat Primeur 2020,à boire,1,25/11/2021,,"22,00€"
57,Achat Primeur 2020,à boire,1,25/11/2021,,"22,00€"
57,Achat Primeur 2020,à boire,1,25/11/2021,,"22,00€"
57,Achat Primeur 2020,à boire,1,25/11/2021,,"22,00€"
57,Achat Primeur 2020,à boire,1,25/11/2021,,"22,00€"
57,Achat Primeur 2020,à boire,1,25/11/2021,,"22,00€"
57,Achat Primeur 2020,à boire,1,25/11/2021,,"22,00€"
57,Achat Primeur 2020,à boire,1,25/11/2021,,"22,00€"
57,Achat Primeur 2020,à boire,1,25/11/2021,,"22,00€"
58,Achat Primeur 2020,à boire,1,25/11/2021,,"17,50€"
59,Cadeau Papa Mai 18,à boire,2,01/06/2018,Clayette 6,"0,00€"
66,Achat FAV Monop 2015,à boire,1,21/09/2015,Clayette 5,"14,00€"
66,Achat FAV Monop 2015,à boire,1,21/09/2015,Clayette 5,"14,00€"
66,Achat FAV Monop 2015,à boire,1,21/09/2015,Clayette 5,"14,00€"
66,Achat FAV Monop 2015,à boire,2,21/09/2015,Clayette 5,"14,00€"
68,Foire aux vins 2014 (monop),à boire,2,13/09/2014,Clayette 4 & cave,"6,60€"
68,Foire aux vins 2014 (monop),à boire,2,13/09/2014,Clayette 4 & cave,"6,60€"
72,Achat 1j1v Dec 2015,à boire,1,18/12/2015,Orleans,"30,00€"
72,Achat 1j1v Dec 2015,à boire,1,18/12/2015,Orleans,"30,00€"
73,FAV Vente Privée 2018,à boire,1,10/09/2018,Clayette 1,"29,00€"
77,Cadeau Nadine Anniversaire 2018,à boire,1,28/07/2018,0,"0,00€"
78,Vente Privé Aout 2016,à boire,1,16/09/2016,0,"32,00€"
79,Achat Papa,à boire,1,01/01/2011,Orleans,"0,00€"
79,Achat Papa,à boire,2,01/01/2011,Orleans,"0,00€"
80,Cadeau JM Hourlier Juillet 2015,à boire,1,20/08/2015,Orleans,"0,00€"
82,Cadeau Nadine Anniversaire 2018,à boire,1,28/07/2018,0,"0,00€"
83,Cadeau Nadine Anniversaire 2018,à boire,2,28/07/2018,Clayette 6,"0,00€"
84,Cadeau Nadine Anniversaire 2018,à boire,2,28/07/2018,Clayette 7,"0,00€"
91,Achat Saumur Fevrier 18,à boire,2,01/03/2018,0,"13,50€"
91,Achat Saumur Fevrier 18,à boire,2,01/03/2018,0,"13,50€"
95,Achat Vente Privée Mars,à boire,2,30/04/2016,0,"18,00€"
95,Achat Vente Privée Mars,à boire,2,30/04/2016,0,"18,00€"
96,SVI Nov 2019,à boire,1,29/11/2019,0,"21,00€"
96,SVI Nov 2019,à boire,1,29/11/2019,0,"21,00€"
97,Cadeau Marraine Anniversaire,à boire,1,10/08/2016,0,"0,00€"
97,Cadeau Marraine Anniversaire,à boire,1,10/08/2016,0,"0,00€"
97,Cadeau Marraine Anniversaire,à boire,1,10/08/2016,0,"0,00€"
97,Cadeau Marraine Anniversaire,à boire,1,10/08/2016,0,"0,00€"
97,Cadeau Marraine Anniversaire,à boire,2,10/08/2016,0,"0,00€"
98,Achat 1j1v Avril 2016,à boire,3,11/05/2016,0,"23,00€"
101,Achat Saumur Fevrier 18,à boire,2,01/03/2018,0,"14,50€"
101,Achat Saumur Fevrier 18,à boire,2,01/03/2018,0,"14,50€"
102,Achat Saumur Fevrier 18,à boire,1,01/03/2018,0,"20,00€"
106,Achat lot18.Fr Dec,à boire,2,12/12/2013,Clayette 2,"20,00€"
108,Foire aux vins monoprix 2018,à boire,2,18/09/2018,Clayette 3,"8,70€"
109,Achat WIB Mars 2016,à boire,1,18/03/2016,0,"11,00€"
109,Achat WIB Mars 2016,à boire,2,18/03/2016,0,"11,00€"
109,Achat WIB Mars 2016,à boire,2,18/03/2016,0,"11,00€"
109,Achat WIB Mars 2016,à boire,2,18/03/2016,0,"11,00€"
110,Cadeau Parents Anniversaire,à boire,1,10/08/2016,0,"0,00€"
111,Vente Privée Aout 2019,à boire,2,14/09/2019,Clayette 5,"26,50€"
111,Vente Privée Aout 2019,à boire,2,14/09/2019,Clayette 5,"26,50€"
112,Achat FAV Monop 2015,à boire,2,27/09/2015,0,"9,30€"
112,Achat FAV Monop 2015,à boire,2,27/09/2015,0,"9,30€"
113,FAV Monop 2016,à boire,1,10/09/2016,Clayette 6,"10,00€"
113,FAV Monop 2016,à boire,1,10/09/2016,Clayette 6,"10,00€"
114,Achat FAV Monop 2015,à boire,2,11/09/2015,Clayette 6,"23,00€"
115,Achat Guillaume Juin 2015,à boire,1,12/06/2015,0,"14,00€"
119,Foire aux vins wineandco 2014,à boire,2,17/09/2014,Orleans,"30,00€"
122,Achat lot18.Fr Mars 2014,à boire,1,18/03/2014,Orleans,"30,00€"
122,Achat lot18.Fr Mars 2014,à boire,1,18/03/2014,Orleans,"30,00€"
122,Achat lot18.Fr Mars 2014,à boire,1,18/03/2014,Orleans,"30,00€"
122,Achat lot18.Fr Mars 2014,à boire,2,18/03/2014,Orleans,"30,00€"
124,Foire aux vins wineandco 2014,à boire,1,17/09/2014,Orleans,"34,00€"
125,Achat 1j1v Mars 2016,à boire,2,08/04/2016,"Clayettes 2,4,5","12,00€"
125,Achat 1j1v Mars 2016,à boire,2,08/04/2016,"Clayettes 2,4,5","12,00€"
129,Achat Lot 18.fr,à boire,2,22/10/2013,Clayette 3 & 7,"9,20€"
131,Cadeau Pot depart 2014,à boire,1,19/09/2014,Orleans,"0,00€"
132,Vente Privée Aout 2019,à boire,2,14/09/2019,Clayette 5,"41,50€"
133,SVI Mars 2018,à boire,2,10/04/2018,0,"16,00€"
133,SVI Mars 2018,à boire,2,10/04/2018,0,"16,00€"
134,SVI Mars 2018,à boire,1,10/04/2018,0,"12,50€"
134,SVI Mars 2018,à boire,1,10/04/2018,0,"12,50€"
134,SVI Mars 2018,à boire,1,10/04/2018,0,"12,50€"
134,SVI Mars 2018,à boire,1,10/04/2018,0,"12,50€"
135,Achat Salon des vignerons Mars 14,à boire,1,30/03/2014,Clayette 6,"23,00€"
135,Achat Salon des vignerons Mars 14,à boire,1,30/03/2014,Clayette 6,"23,00€"
140,Cadeau JM Hourlier Juillet 2015,à boire,1,20/08/2015,Orleans,"0,00€"
142,Achat Saumur Fevrier 18,à boire,2,01/03/2018,0,"15,00€"
142,Achat Saumur Fevrier 18,à boire,2,01/03/2018,0,"15,00€"
143,WIB Jan 15,à boire,1,27/01/2015,Orleans,"23,00€"
144,Cadeau papa noel 2019,à boire,1,06/03/2019,,
144,Cadeau papa noel 2019,à boire,1,06/03/2019,,
144,Cadeau papa noel 2019,à boire,1,06/03/2019,,
144,Cadeau papa noel 2019,à boire,1,06/03/2019,,
144,Cadeau papa noel 2019,à boire,1,06/03/2019,,
144,Cadeau papa noel 2019,à boire,1,06/03/2019,,
150,Achat 1j1v Fevrier 19,à boire,1,20/02/2019,0,"26,00€"
151,Achat 1j1v Mai 2016,à boire,3,01/06/2016,0,"17,00€"
152,Achat Soirée Mimile 2020,à boire,3,14/07/2020,Chez Hourlier,"12,00€"
153,Achat Soirée Mimile 2020,à boire,3,14/07/2020,Chez Hourlier,"12,00€"
153,Achat Soirée Mimile 2020,à boire,3,14/07/2020,Chez Hourlier,"12,00€"
153,Achat Soirée Mimile 2020,à boire,3,14/07/2020,Chez Hourlier,"12,00€"
158,Anniversaire Hourlier 2014,à boire,1,24/07/2014,Orleans,"0,00€"
158,Anniversaire Hourlier 2014,à boire,2,24/07/2014,Orleans,"0,00€"
159,Noël Hourlier 2012,à boire,1,24/12/2012,Orleans,"0,00€"
160,SVI Dec 21,à boire,2,02/12/2021,,"13,00€"
164,Achat 1j1v Dec 2015,à boire,1,18/12/2015,Orleans,"34,00€"
166,Achat 1j1v Oct 2017,à boire,1,01/10/2017,Clayette 2,"32,00€"
166,Achat 1j1v Oct 2017,à boire,1,01/10/2017,Clayette 2,"32,00€"
167,Achat Guillaume Aout,à boire,1,15/10/2016,0,"22,00€"
167,Achat Guillaume Aout,à boire,2,15/10/2016,0,"22,00€"
168,FAV Monop 2016,à boire,1,10/09/2016,0,"22,00€"
169,Achat Papa Mars 21,à boire,1,31/03/2021,0,"9,50€"
169,Achat Papa Mars 21,à boire,2,31/03/2021,0,"9,50€"
170,Achat Papa,à boire,1,22/02/2016,0,"14,00€"
170,Achat Papa,à boire,2,22/02/2016,0,"14,00€"
176,SVI Nov 2019,à boire,1,29/11/2019,0,"14,00€"
176,SVI Nov 2019,à boire,2,29/11/2019,0,"14,00€"
177,SVI Nov 2019,à boire,1,29/11/2019,0,"14,00€"
177,SVI Nov 2019,à boire,1,29/11/2019,0,"14,00€"
179,Achat UnP St Emilion Avril 14,à boire,2,16/04/2014,Clayette 3,"15,00€"
180,Achat 1j1v Avril 2018,à boire,1,25/04/2018,0,"60,00€"
182,Cadeau papa Juillet 21,à boire,2,25/07/2021,Clayette 3,"12,00€"
189,Achat EVG Vincent,à boire,3,28/05/2016,CHez Hourlier,"9,10€"
189,Achat EVG Vincent,à boire,3,28/05/2016,CHez Hourlier,"9,10€"
191,fav Vente Privée 2016,à boire,2,15/10/2016,Clayette 6,"7,00€"
192,FAV Vente Privée 2017,à boire,2,01/01/2016,0,"30,00€"
195,Achat Papa Aout 2021,à boire,1,01/01/2021,0,"6,50€"
195,Achat Papa Aout 2021,à boire,1,01/01/2021,0,"6,50€"
195,Achat Papa Aout 2021,à boire,1,01/01/2021,0,"6,50€"
199,Achat lot18.fr Nov,à boire,2,05/11/2014,Clayette 6,"29,00€"
209,Achat Guillaume Aout,à boire,1,15/10/2016,Clayette 1,"22,00€"
216,SVI Dec 21,à boire,2,02/12/2021,Clayette 4,"13,50€"
216,SVI Dec 21,à boire,2,02/12/2021,Clayette 4,"13,50€"
216,SVI Dec 21,à boire,2,02/12/2021,Clayette 4,"13,50€"
217,SVI Dec 21,à boire,2,02/12/2021,,"12,00€"
217,SVI Dec 21,à boire,2,02/12/2021,,"12,00€"
217,SVI Dec 21,à boire,2,02/12/2021,,"12,00€"
218,SVI Dec 21,à boire,2,02/12/2021,,"15,00€"
218,SVI Dec 21,à boire,2,02/12/2021,,"15,00€"
219,SVI Mars 2018,à boire,1,10/04/2018,0,"17,00€"
219,SVI Mars 2018,à boire,1,10/04/2018,0,"17,00€"
219,SVI Mars 2018,à boire,2,10/04/2018,0,"17,00€"
221,Foire aux vins wineinblack 2014,à boire,2,08/09/2014,Clayette 7,"17,00€"
223,SVI Dec 21,à boire,1,02/12/2021,,"9,00€"
223,SVI Dec 21,à boire,1,02/12/2021,,"9,00€"
223,SVI Dec 21,à boire,1,02/12/2021,,"9,00€"
223,SVI Dec 21,à boire,2,02/12/2021,,"9,00€"
223,SVI Dec 21,à boire,2,02/12/2021,,"9,00€"
223,SVI Dec 21,à boire,2,02/12/2021,,"9,00€"
226,Vente Privée Aout 2019,à boire,2,14/09/2019,Clayette 1,"28,00€"
226,Vente Privée Aout 2019,à boire,2,14/09/2019,Clayette 1,"28,00€"
227,Vente Privée Aout 2019,à boire,2,14/09/2019,Clayette 5,"16,00€"
234,Achat Vouvray Avril 2013,à boire,2,10/08/2013,Clayette 5,0
235,Achat Soirée Mimile 2020,à boire,3,14/07/2020,Chez Hourlier,"7,00€"
235,Achat Soirée Mimile 2020,à boire,3,14/07/2020,Chez Hourlier,"7,00€"
235,Achat Soirée Mimile 2020,à boire,3,14/07/2020,Chez Hourlier,"7,00€"
235,Achat Soirée Mimile 2020,à boire,3,14/07/2020,Chez Hourlier,"7,00€"
235,Achat Soirée Mimile 2020,à boire,3,14/07/2020,Chez Hourlier,"7,00€"
235,Achat Soirée Mimile 2020,à boire,3,14/07/2020,Chez Hourlier,"7,00€"
235,Achat Soirée Mimile 2020,à boire,3,14/07/2020,Chez Hourlier,"7,00€"
235,Achat Soirée Mimile 2020,à boire,2,14/07/2020,Chez Hourlier,"7,00€"
238,1j1v Fevrier 2022,à boire,2,20/02/2022,Clayette 1,"21,50€"
238,1j1v Fevrier 2022,à boire,2,20/02/2022,Clayette 1,"21,50€"
238,1j1v Fevrier 2022,à boire,2,20/02/2022,Clayette 1,"21,50€"
240,Achat Vinymer 2015,à boire,3,06/08/2015,chez Hourlier,"7,00€"
241,Achat Vinymer 2015,à boire,3,06/08/2015,Clayette 1,"9,70€"
247,Cadeau Noël Hourlier 2015,à boire,2,26/12/2015,chez Hourlier,"0,00€"
248,SVI Nov 2019,à boire,1,29/11/2019,0,"14,00€"
248,SVI Nov 2019,à boire,1,29/11/2019,0,"14,00€"
248,SVI Nov 2019,à boire,1,29/11/2019,0,"14,00€"
251,SVI Nov 2019,à boire,2,29/11/2019,Clayette 1,"35,00€"
255,Tarasteix,à boire,1,24/07/2012,Clayette 2,0
255,Tarasteix,à boire,1,24/07/2012,Clayette 2,0
256,Tarasteix,à boire,1,24/07/2014,Orleans,"0,00€"
256,Tarasteix,à boire,1,24/07/2014,Orleans,"0,00€"
256,Tarasteix,à boire,1,24/07/2014,Orleans,"0,00€"
256,Tarasteix,à boire,1,24/07/2014,Orleans,"0,00€"
256,Tarasteix,à boire,1,24/07/2014,Orleans,"0,00€"
256,Tarasteix,à boire,1,24/07/2014,Orleans,"0,00€"
259,Achat 1j1v Jan 18,à boire,1,25/04/2018,0,"25,00€"
259,Achat 1j1v Jan 18,à boire,1,25/04/2018,0,"25,00€"
259,Achat 1j1v Jan 18,à boire,1,25/04/2018,0,"25,00€"
259,Achat 1j1v Jan 18,à boire,1,25/04/2018,0,"25,00€"
259,Achat 1j1v Jan 18,à boire,1,25/04/2018,0,"25,00€"
260,Achat 1j1v Jan 18,à boire,1,25/04/2018,0,"31,50€"
260,Achat 1j1v Jan 18,à boire,1,25/04/2018,0,"31,50€"
260,Achat 1j1v Jan 18,à boire,1,25/04/2018,0,"31,50€"
261,Cadeau Camille H. 2020,à boire,2,28/08/2020,Clayette 1,"0,00€"
262,SVI Dec 21,à boire,2,02/12/2021,,
262,SVI Dec 21,à boire,2,02/12/2021,,
263,SVI Dec 21,à boire,1,02/12/2021,,"14,00€"
263,SVI Dec 21,à boire,1,02/12/2021,,"14,00€"
263,SVI Dec 21,à boire,1,02/12/2021,,"14,00€"
263,SVI Dec 21,à boire,2,02/12/2021,,"14,00€"
263,SVI Dec 21,à boire,2,02/12/2021,,"14,00€"
263,SVI Dec 21,à boire,2,02/12/2021,,"14,00€"
264,SVI Dec 21,à boire,2,02/12/2021,,"13,00€"
264,SVI Dec 21,à boire,2,02/12/2021,,"13,00€"
264,SVI Dec 21,à boire,2,02/12/2021,,"13,00€"
267,Achat 1j1v 24 Fevrier 2016,à boire,3,29/04/2016,0,"16,50€"
267,Achat 1j1v 24 Fevrier 2016,à boire,2,29/04/2016,0,"16,50€"
271,Achat Guillaume,à boire,1,02/12/2017,Clayete 1,"21,00€"
271,Achat Guillaume,à boire,2,02/12/2017,Clayete 1,"21,00€"
273,Achat Guillaume,à boire,1,02/12/2017,Clayete 1,"21,00€"
273,Achat Guillaume,à boire,1,02/12/2017,Clayete 1,"21,00€"
274,Achat Guillaume,à boire,1,02/12/2017,Clayette 2 & 4,"22,00€"
274,Achat Guillaume,à boire,1,02/12/2017,Clayette 2 & 4,"22,00€"
274,Achat Guillaume,à boire,1,02/12/2017,Clayette 2 & 4,"22,00€"
275,Achat Guillaume,à boire,1,02/12/2017,Clayette 2 & 4,"22,00€"
275,Achat Guillaume,à boire,1,02/12/2017,Clayette 2 & 4,"22,00€"
279,Achat 1j1v Fev 2016,à boire,2,06/08/2015,Clayette 1,"16,00€"
280,Achat Vinymer 2015,à boire,2,06/08/2015,chez Hourlier,"10,00€"
282,Cadeau papa Mars 2021,à boire,1,31/03/2021,0,"0,00€"
283,Cadeau papa Mars 2021,à boire,1,31/03/2021,0,"0,00€"
286,WE Sancerre Mai 2015,à boire,3,08/05/2015,Chez Hourlier,"18,00€"
289,SVI Mars 2018,à boire,1,10/04/2018,0,"28,50€"
289,SVI Mars 2018,à boire,1,10/04/2018,0,"28,50€"
290,Origine Inconnue,à boire,2,01/01/2018,,
294,SVI Mars 2018,à boire,2,10/04/2018,0,"6,50€"
295,SVI Nov 2019,à boire,1,29/11/2019,0,"24,00€"
295,SVI Nov 2019,à boire,2,29/11/2019,0,"24,00€"
295,SVI Nov 2019,à boire,2,29/11/2019,0,"24,00€"
295,SVI Nov 2019,à boire,2,29/11/2019,0,"24,00€"
298,SVI Dec 21,à boire,1,02/12/2021,,"10,00€"
298,SVI Dec 21,à boire,1,02/12/2021,,"10,00€"
298,SVI Dec 21,à boire,1,02/12/2021,,"10,00€"
298,SVI Dec 21,à boire,2,02/12/2021,,"10,00€"
301,Salon des VI Mars 2015,à boire,2,29/03/2015,Clayette 7,"9,00€"
302,Salon des VI Mars 2015,à boire,2,29/03/2015,0,"16,00€"
303,Achat Papa Été 2020,à boire,1,01/08/2020,0,"17,50€"
303,Achat Papa Été 2020,à boire,1,01/08/2020,0,"17,50€"
303,Achat Papa Été 2020,à boire,1,01/08/2020,0,"17,50€"
309,Achat papa,à boire,3,01/02/2020,Clayette 1,"12,00€"
309,Achat papa,à boire,3,01/02/2020,Clayette 1,"12,00€"
309,Achat papa,à boire,3,01/02/2020,Clayette 1,"12,00€"
311,Cadeau Grands Parents Hourlier Noël 2016,à boire,2,24/12/2016,0,"0,00€"
313,Foire aux vins 2014 (monop),à boire,1,10/09/2014,Orleans,"20,00€"
313,Foire aux vins 2014 (monop),à boire,1,10/09/2014,Orleans,"20,00€"
313,Foire aux vins 2014 (monop),à boire,1,10/09/2014,Orleans,"20,00€"
318,Achat Nov 2013,à boire,3,01/11/2013,Chez Hourlier,"30,00€"
318,Achat Nov 2013,à boire,3,01/11/2013,Chez Hourlier,"30,00€"
318,Achat Nov 2013,à boire,3,01/11/2013,Chez Hourlier,"30,00€"
318,Achat Nov 2013,à boire,2,01/11/2013,Chez Hourlier,"30,00€"
320,SVI Dec 21,à boire,1,02/12/2021,,"15,50€"
320,SVI Dec 21,à boire,1,02/12/2021,,"15,50€"
320,SVI Dec 21,à boire,1,02/12/2021,,"15,50€"
320,SVI Dec 21,à boire,2,02/12/2021,,"15,50€"
320,SVI Dec 21,à boire,2,02/12/2021,,"15,50€"
320,SVI Dec 21,à boire,2,02/12/2021,,"15,50€"
321,SVI Mars 2018,à boire,1,10/04/2018,0,"17,10€"
321,SVI Mars 2018,à boire,1,10/04/2018,0,"17,10€"
322,SVI Mars 2018,à boire,2,10/04/2018,0,"12,00€"
325,Cadeau Hourlier Anniversaire,à boire,2,01/08/2016,0,"0,00€"
329,Origine Inconnue,à boire,2,01/01/2017,,
333,Cadeau JM Hourlier Juillet 2015,à boire,2,20/08/2015,Orleans,"0,00€"
335,SVI Nov 2019,à boire,2,29/11/2019,0,"12,00€"
336,SVI Dec 21,à boire,1,02/12/2021,,"20,00€"
336,SVI Dec 21,à boire,1,02/12/2021,,"20,00€"
336,SVI Dec 21,à boire,1,02/12/2021,,"20,00€"
336,SVI Dec 21,à boire,1,02/12/2021,,"20,00€"
336,SVI Dec 21,à boire,1,02/12/2021,,"20,00€"
336,SVI Dec 21,à boire,1,02/12/2021,,"20,00€"
337,Achats Vignerons Indep Avril 2015,à boire,1,12/05/2015,Orleans,"14,00€"
337,Achats Vignerons Indep Avril 2015,à boire,1,12/05/2015,Orleans,"14,00€"
337,Achats Vignerons Indep Avril 2015,à boire,1,12/05/2015,Orleans,"14,00€"
340,Achat venteprivée Nov 2016,à boire,2,14/11/2016,Clayette 4,"37,00€"
341,Achat venteprivée Nov 2016,à boire,2,14/11/2016,Clayette 4,"20,00€"
345,Achat 1j1V Aout 2015,à boire,2,18/09/2015,Clayette 1,"19,00€"
354,SVI Mars 22,à boire,2,19/03/2022,,"11,50€"
354,SVI Mars 22,à boire,2,19/03/2022,,"11,50€"
354,SVI Mars 22,à boire,2,19/03/2022,,"11,50€"
355,SVI Mars 22,à boire,2,19/03/2022,,"16,00€"
355,SVI Mars 22,à boire,2,19/03/2022,,"16,00€"
355,SVI Mars 22,à boire,2,19/03/2022,,"16,00€"
356,SVI Mars 22,à boire,2,19/03/2022,,"17,00€"
360,Achat 1j1v Avril 2018,à boire,2,25/04/2018,0,"14,50€"
361,1j1v Fevrier 2022,à boire,2,20/02/2022,Clayette 4,"16,00€"
361,1j1v Fevrier 2022,à boire,2,20/02/2022,Clayette 4,"16,00€"
361,1j1v Fevrier 2022,à boire,2,20/02/2022,Clayette 4,"16,00€"
362,Achat Angers Oct 17,à boire,2,27/10/2017,0,"5,50€"
363,Achat Angers Oct 17,à boire,2,27/10/2017,0,"7,00€"
363,Achat Angers Oct 17,à boire,2,27/10/2017,0,"7,00€"
369,Soirée 2013,à boire,2,12/07/2013,Cave,"0,00€"
372,Achat Papa Aout 2018,à boire,2,01/01/2017,0,"0,00€"
374,Achat Papa Aout 2018,à boire,1,01/01/2018,0,"0,00€"
379,Achat Papa Aout 2018,à boire,1,01/01/2018,0,"0,00€"
379,Achat Papa Aout 2018,à boire,1,01/01/2018,0,"0,00€"
384,Achat 1j1v Dec 2017,à boire,1,01/01/2016,0,"28,00€"
384,Achat 1j1v Dec 2017,à boire,1,01/01/2016,0,"28,00€"
385,Achat 1j1v Dec 2017,à boire,1,01/01/2013,0,"35,00€"
386,Achat 1j1v Dec 2017,à boire,1,01/01/2016,0,"30,00€"
386,Achat 1j1v Dec 2017,à boire,1,01/01/2016,0,"30,00€"
387,Cadeau Papa Juillet 2015,à boire,1,12/09/2015,Orleans,"0,00€"
390,Achat Soirée Mimile 2020,à boire,3,14/07/2020,Chez Hourlier,"12,00€"
390,Achat Soirée Mimile 2020,à boire,3,14/07/2020,Chez Hourlier,"12,00€"
391,Achat 1j1v Dec 2015,à boire,1,01/01/2012,Clayette 6,"16,00€"
394,SVI Nov 2016,à boire,3,25/11/2016,0,"34,00€"
394,SVI Nov 2016,à boire,3,25/11/2016,0,"34,00€"
394,SVI Nov 2016,à boire,3,25/11/2016,0,"34,00€"
394,SVI Nov 2016,à boire,3,25/11/2016,0,"34,00€"
394,SVI Nov 2016,à boire,2,25/11/2016,0,"34,00€"
396,SVI Dec 21,à boire,1,02/12/2021,,"20,00€"
396,SVI Dec 21,à boire,1,02/12/2021,,"20,00€"
396,SVI Dec 21,à boire,1,02/12/2021,,"20,00€"
397,SVI Dec 21,à boire,1,02/12/2021,,"20,00€"
397,SVI Dec 21,à boire,1,02/12/2021,,"20,00€"
397,SVI Dec 21,à boire,1,02/12/2021,,"20,00€"
398,SVI Dec 21,à boire,1,02/12/2021,,"20,00€"
398,SVI Dec 21,à boire,1,02/12/2021,,"20,00€"
398,SVI Dec 21,à boire,1,02/12/2021,,"20,00€"
401,Achat Papa Septembre 2014,à boire,1,01/09/2014,Orleans,"4,50€"
403,Achat Papa Septembre 2014,à boire,2,01/09/2014,Clayette 5,"4,50€"
404,Thomas é Alicia,à boire,2,01/01/2020,,
407,Cadeau Noël Hourlier 2015,à boire,2,26/12/2015,chez Hourlier,"0,00€"
410,Achat Guillaume,à boire,2,30/11/2014,Clayette 2,"16,00€"
414,Achat Papa Mars 21,à boire,1,31/03/2021,0,"15,00€"
414,Achat Papa Mars 21,à boire,1,31/03/2021,0,"15,00€"
414,Achat Papa Mars 21,à boire,1,31/03/2021,0,"15,00€"
414,Achat Papa Mars 21,à boire,1,31/03/2021,0,"15,00€"
414,Achat Papa Mars 21,à boire,1,31/03/2021,0,"15,00€"
415,Cadeau Noel Julien & Elise,à boire,2,01/01/2022,,
419,Foire aux vins monoprix 2019,à boire,2,29/09/2019,0,"20,00€"
420,Achat 1j1v Mars 2016,à boire,2,08/04/2016,Clayette 6,"20,00€"
422,Cadeau Julien,à boire,2,01/10/2017,,
424,Fete 2014,à boire,2,08/09/2014,Cave,"0,00€"
425,Achat 1j1v Fevrier 19,à boire,2,20/02/2019,0,"41,50€"
426,SVI Nov 2019,à boire,2,29/11/2019,0,"22,50€"
427,SVI Dec 21,à boire,1,02/12/2021,,"23,50€"
427,SVI Dec 21,à boire,1,02/12/2021,,"23,50€"
427,SVI Dec 21,à boire,1,02/12/2021,,"23,50€"
430,Commande Hourlier Nov,à boire,3,15/01/2015,Chez Hourlier,"16,00€"
431,SVI Nov 2016,à boire,2,25/11/2016,0,"16,00€"
433,FAV Vente Privée 2017,à boire,1,01/01/2016,0,"22,00€"
433,FAV Vente Privée 2017,à boire,2,01/01/2016,0,"22,00€"
433,FAV Vente Privée 2017,à boire,2,01/01/2016,0,"22,00€"
439,Achat Papa Fev 2016,à boire,2,20/02/2016,0,"8,00€"
441,Achat Papa Oct 2017,à boire,1,01/10/2017,0,"17,00€"
441,Achat Papa Oct 2017,à boire,1,01/10/2017,0,"17,00€"
441,Achat Papa Oct 2017,à boire,2,01/10/2017,0,"17,00€"
443,Achat Papa Aout 2018,à boire,1,01/01/2018,0,"6,50€"
452,SVI Mars 22,à boire,2,19/03/2022,,"13,50€"
452,SVI Mars 22,à boire,2,19/03/2022,,"13,50€"
452,SVI Mars 22,à boire,2,19/03/2022,,"13,50€"
452,SVI Mars 22,à boire,2,19/03/2022,,"13,50€"
453,SVI Mars 22,à boire,2,19/03/2022,,"26,00€"
453,SVI Mars 22,à boire,2,19/03/2022,,"26,00€"
455,SVI Nov 2019,à boire,1,29/11/2019,0,"12,50€"
455,SVI Nov 2019,à boire,1,29/11/2019,0,"12,50€"
455,SVI Nov 2019,à boire,2,29/11/2019,0,"12,50€"
456,SVI Nov 2019,à boire,1,29/11/2019,0,"14,50€"
456,SVI Nov 2019,à boire,1,29/11/2019,0,"14,50€"
462,fav Vente Privée 2016,à boire,2,01/01/2012,Clayettes 3 & 4,"23,00€"
464,SVI Dec 21,à boire,1,02/12/2021,,"23,40€"
464,SVI Dec 21,à boire,1,02/12/2021,,"23,40€"
464,SVI Dec 21,à boire,1,02/12/2021,,"23,40€"
464,SVI Dec 21,à boire,1,02/12/2021,,"23,40€"
464,SVI Dec 21,à boire,2,02/12/2021,,"23,40€"
465,SVI Dec 21,à boire,1,02/12/2021,,"26,80€"
465,SVI Dec 21,à boire,1,02/12/2021,,"26,80€"
467,SVI Mars 22,à boire,2,19/03/2022,,"19,00€"
467,SVI Mars 22,à boire,2,19/03/2022,,"19,00€"
467,SVI Mars 22,à boire,2,19/03/2022,,"19,00€"
468,SVI Mars 22,à boire,2,19/03/2022,,"14,00€"
468,SVI Mars 22,à boire,2,19/03/2022,,"14,00€"
468,SVI Mars 22,à boire,2,19/03/2022,,"14,00€"
469,SVI Mars 22,à boire,2,19/03/2022,,"16,00€"
469,SVI Mars 22,à boire,2,19/03/2022,,"16,00€"
472,WE Sancerre Mai 2015,à boire,3,08/05/2015,Chez Hourlier,"23,00€"
479,SVI Dec 21,à boire,2,02/12/2021,,"6,00€"
479,SVI Dec 21,à boire,2,02/12/2021,,"6,00€"
480,SVI Dec 21,à boire,2,02/12/2021,,"10,50€"
480,SVI Dec 21,à boire,2,02/12/2021,,"10,50€"
481,Achat lot18.fr Nov,à boire,2,05/11/2014,Clayette 6,"29,00€"
482,FAV Vente Privée 2018,à boire,2,10/09/2018,Clayette 5,"24,00€"
483,Achat 1j1v Mai 2016,à boire,3,01/06/2016,0,"10,00€"
483,Achat 1j1v Mai 2016,à boire,2,01/06/2016,0,"10,00€"
484,Achat 1j1v Mai 2016,à boire,3,01/06/2016,0,"20,00€"
484,Achat 1j1v Mai 2016,à boire,3,01/06/2016,0,"20,00€"
486,Achat 1j1v Mai 2016,à boire,3,01/06/2016,0,"14,00€"
488,Achat 1j1v Nov 2016,à boire,3,17/12/2016,Clayette 4,"20,00€"
1,Achat Fervier vente à la propriété.com,bue,2,06/02/2020,Clayette 1 & 6,"19,00€"
1,Achat Fervier vente à la propriété.com,bue,2,06/02/2020,Clayette 1 & 6,"19,00€"
1,Achat Fervier vente à la propriété.com,bue,2,06/02/2020,Clayette 1 & 6,"19,00€"
1,Achat Fervier vente à la propriété.com,bue,2,06/02/2020,Clayette 1 & 6,"19,00€"
4,Achat wineandco Avril 2016,bue,2,08/04/2016,Clayettes 1 & 7,"16,65"
4,Achat wineandco Avril 2016,bue,2,08/04/2016,Clayettes 1 & 7,"16,65"
4,Achat wineandco Avril 2016,bue,2,08/04/2016,Clayettes 1 & 7,"16,65"
4,Achat wineandco Avril 2016,bue,2,08/04/2016,Clayettes 1 & 7,"16,65"
4,Achat wineandco Avril 2016,bue,2,08/04/2016,Clayettes 1 & 7,"16,65"
4,Achat wineandco Avril 2016,bue,2,08/04/2016,Clayettes 1 & 7,"16,65"
5,Achat Guillaume Mars 18,bue,2,25/04/2018,Clayettes 1 & 7,17
5,Achat Guillaume Mars 18,bue,2,25/04/2018,Clayettes 1 & 7,17
5,Achat Guillaume Mars 18,bue,2,25/04/2018,Clayettes 1 & 7,17
5,Achat Guillaume Mars 18,bue,2,25/04/2018,Clayettes 1 & 7,17
5,Achat Guillaume Mars 18,bue,2,25/04/2018,Clayettes 1 & 7,17
5,Achat Guillaume Mars 18,bue,2,25/04/2018,Clayettes 1 & 7,17
8,Achat Vente privée Nov 2015,bue,2,15/02/2016,0,33
9,Achat Vente privée Nov 2015,bue,2,31/12/2015,0,39
10,Achat Vente privée Nov 2015,bue,2,31/12/2015,0,23
11,SVI Nov 2016,bue,2,25/11/2016,0,"25,00€"
11,SVI Nov 2016,bue,2,25/11/2016,0,"25,00€"
11,SVI Nov 2016,bue,2,25/11/2016,0,"25,00€"
13,Achat 1j1v Nov 2016,bue,2,17/12/2016,Clayette 6,12
13,Achat 1j1v Nov 2016,bue,2,17/12/2016,Clayette 6,12
14,SVI Dec 21,bue,2,02/12/2021,,"12,70€"
14,SVI Dec 21,bue,2,02/12/2021,,"12,70€"
17,Cadeau Julien,bue,2,09/07/2011,Clayette 4,0
19,Cadeau JM Hourlier Noël 2014,bue,2,25/12/2014,CHez Hourlier,0
22,Achat WIB Mars 2016,bue,2,18/03/2016,0,10
22,Achat WIB Mars 2016,bue,2,18/03/2016,0,10
24,SVI Dec 21,bue,2,02/12/2021,,"10,60€"
26,Achats Vignerons Indep Avril 2015,bue,2,12/05/2015,Clayette 1,13
28,Achats Vignerons Indep Avril 2015,bue,2,12/05/2015,Clayette 1,12
29,Cadeau JM Hourlier Noël 2014,bue,2,25/12/2014,P,0
34,Salon des VI Mars 2015,bue,2,29/03/2015,Clayette 1 & 4,"8,9"
34,Salon des VI Mars 2015,bue,2,29/03/2015,Clayette 1 & 4,"8,9"
35,Salon des VI Mars 2015,bue,2,29/03/2015,Clayette 1 & 3,"7,7"
35,Salon des VI Mars 2015,bue,2,29/03/2015,Clayette 1 & 3,"7,7"
35,Salon des VI Mars 2015,bue,2,29/03/2015,Clayette 1 & 3,"7,7"
36,SVI Mars 2017,bue,2,28/04/2017,Clayette 1,9
36,SVI Mars 2017,bue,2,28/04/2017,Clayette 1,9
36,SVI Mars 2017,bue,2,28/04/2017,Clayette 1,9
36,SVI Mars 2017,bue,2,28/04/2017,Clayette 1,9
36,SVI Mars 2017,bue,2,28/04/2017,Clayette 1,9
36,SVI Mars 2017,bue,2,28/04/2017,Clayette 1,9
39,Achat 1j1v Avril 2016,bue,2,11/05/2016,0,24
39,Achat 1j1v Avril 2016,bue,2,11/05/2016,0,24
40,Achat 1j1v Avril 2016,bue,2,11/05/2016,0,"12,5"
42,Achat 1j1v Avril 2016,bue,2,11/05/2016,0,22
42,Achat 1j1v Avril 2016,bue,2,11/05/2016,0,22
44,Achat Avril 14,bue,2,16/04/2014,Chez Hourlier,"13,00€"
45,Cadeau Clouté,bue,2,22/10/2011,Clayette 2,0
47,Salon des VI Mars 2015,bue,2,29/03/2015,Clayette 1,11
47,Salon des VI Mars 2015,bue,2,29/03/2015,Clayette 1,11
47,Salon des VI Mars 2015,bue,2,29/03/2015,Clayette 1,11
48,Salon des VI Mars 2015,bue,2,29/03/2015,Clayette 4 & 5,13
49,SVI Mars 2017,bue,2,28/04/2017,0,"29,00€"
50,SVI Mars 2017,bue,2,28/04/2017,0,0
54,Achat 1j1v Juin 2015 (2),bue,2,04/07/2015,Clayette 4,27
55,Achat 1j1v Juin 2015 (2),bue,2,04/07/2015,Clayette 2,"17,5"
56,Achat 1j1v Juin 2015 (2),bue,2,04/07/2015,Clayette 1,21
56,Achat 1j1v Juin 2015 (2),bue,2,04/07/2015,Clayette 1,21
60,Cadeau Papa,bue,2,20/03/2016,0,0
61,Noël Hourlier 2012,bue,2,24/12/2012,Clayette 5,0
62,Soirée Julie,bue,2,20/02/2016,Clayette 5,0
63,Cadeau de Noel Nadine 2018,bue,2,07/01/2019,Clayette 1,0
64,Cadeau Papa,bue,2,24/12/2012,Clayette 4,0
67,Achat lot18.Fr Mars 2014,bue,2,18/03/2014,0,28
69,Achat groupé collegues SG Sept 18,bue,2,08/09/2018,Clayette 1,"16,50€"
69,Achat groupé collegues SG Sept 18,bue,2,08/09/2018,Clayette 1,"16,50€"
69,Achat groupé collegues SG Sept 18,bue,2,08/09/2018,Clayette 1,"16,50€"
71,Achat 1j1v Jan 18,bue,2,24/04/2018,0,25
73,FAV Vente Privée 2018,bue,2,10/09/2018,Clayette 1,"29,00€"
73,FAV Vente Privée 2018,bue,2,10/09/2018,Clayette 1,"29,00€"
78,Vente Privé Aout 2016,bue,2,16/09/2016,0,"32,00€"
85,Cadeau Nadine Anniversaire 2018,bue,2,28/07/2018,Clayette 4,0
86,Cadeau Nadine Anniversaire 2018,bue,2,28/07/2018,Clayette 1,0
87,Salon des VI Mars 2015,bue,2,29/03/2015,Clayette 1,"7,8"
88,1jour1vin Janvier 2015,bue,2,02/02/2015,Clayette 1,"12,5"
90,Achat WIB Nov 14,bue,2,26/11/2014,Clayette 1,10
91,Achat Saumur Fevrier 18,bue,2,01/03/2018,0,"13,50€"
92,Achat 1j1v Nov 2016,bue,2,17/12/2016,Clayette 5,"16,00€"
92,Achat 1j1v Nov 2016,bue,2,17/12/2016,Clayette 5,"16,00€"
94,Achat Vente Privée Septembre,bue,2,14/11/2015,Clayettes 5 & 6,18
94,Achat Vente Privée Septembre,bue,2,14/11/2015,Clayettes 5 & 6,18
95,Achat Vente Privée Mars,bue,2,30/04/2016,0,"18,00€"
95,Achat Vente Privée Mars,bue,2,30/04/2016,0,"18,00€"
96,SVI Nov 2019,bue,2,29/11/2019,0,"21,00€"
96,SVI Nov 2019,bue,2,29/11/2019,0,"21,00€"
96,SVI Nov 2019,bue,2,29/11/2019,0,"21,00€"
96,SVI Nov 2019,bue,2,29/11/2019,0,"21,00€"
97,Cadeau Marraine Anniversaire,bue,2,10/08/2016,0,"0,00€"
98,Achat 1j1v Avril 2016,bue,2,11/05/2016,0,"23,00€"
99,1jour1vin Janvier 2015,bue,2,02/02/2015,Clayette 1,17
101,Achat Saumur Fevrier 18,bue,2,01/03/2018,0,"14,50€"
101,Achat Saumur Fevrier 18,bue,2,01/03/2018,0,"14,50€"
101,Achat Saumur Fevrier 18,bue,2,01/03/2018,0,"14,50€"
102,Achat Saumur Fevrier 18,bue,2,01/03/2018,0,"20,00€"
102,Achat Saumur Fevrier 18,bue,2,01/03/2018,0,"20,00€"
103,Achat Saumur Fevrier 18,bue,2,01/03/2018,0,9
103,Achat Saumur Fevrier 18,bue,2,01/03/2018,0,9
103,Achat Saumur Fevrier 18,bue,2,01/03/2018,0,9
105,Achat WineandCO Dec 2014,bue,2,04/12/2014,Clayette 5,10
106,Achat lot18.Fr Dec,bue,2,12/12/2013,Clayette 2,"20,00€"
106,Achat lot18.Fr Dec,bue,2,12/12/2013,Clayette 2,"20,00€"
107,Foire aux vins 2014 (monop),bue,2,25/09/2014,Clayette 2,"7,5"
107,Foire aux vins 2014 (monop),bue,2,25/09/2014,Clayette 2,"7,5"
107,Foire aux vins 2014 (monop),bue,2,25/09/2014,Clayette 2,"7,5"
108,Foire aux vins monoprix 2018,bue,2,18/09/2018,Clayette 3,"8,70€"
108,Foire aux vins monoprix 2018,bue,2,18/09/2018,Clayette 3,"8,70€"
109,Achat WIB Mars 2016,bue,2,18/03/2016,0,"11,00€"
109,Achat WIB Mars 2016,bue,2,18/03/2016,0,"11,00€"
112,Achat FAV Monop 2015,bue,2,27/09/2015,0,"9,30€"
112,Achat FAV Monop 2015,bue,2,27/09/2015,0,"9,30€"
113,FAV Monop 2016,bue,2,10/09/2016,Clayette 6,"10,00€"
115,Achat Guillaume Juin 2015,bue,2,12/06/2015,0,"14,00€"
119,Foire aux vins wineandco 2014,bue,2,17/09/2014,Orleans,"30,00€"
120,Achat 1jour1Vin Juillet 2015,bue,2,27/09/2015,0,0
120,Achat 1jour1Vin Juillet 2015,bue,2,27/09/2015,0,0
121,Achat voyage palancade 2018,bue,2,21/07/2018,Clayette 1,"18,9"
121,Achat voyage palancade 2018,bue,2,21/07/2018,Clayette 1,"18,9"
124,Foire aux vins wineandco 2014,bue,2,17/09/2014,Orleans,"34,00€"
125,Achat 1j1v Mars 2016,bue,2,08/04/2016,"Clayettes 2,4,5","12,00€"
125,Achat 1j1v Mars 2016,bue,2,08/04/2016,"Clayettes 2,4,5","12,00€"
126,Vente Privé Aout 2016,bue,2,16/09/2016,0,42
126,Vente Privé Aout 2016,bue,2,16/09/2016,0,42
127,Cadeau Julien,bue,2,01/01/2007,Clayette 4,0
129,Achat Lot 18.fr,bue,2,22/10/2013,Clayette 3 & 7,"9,20€"
130,Cadeau nadine Hourlier Juin 18,bue,2,11/06/2018,Clayette 2,0
134,SVI Mars 2018,bue,2,10/04/2018,0,"12,50€"
135,Achat Salon des vignerons Mars 14,bue,2,30/03/2014,Clayette 6,"23,00€"
135,Achat Salon des vignerons Mars 14,bue,2,30/03/2014,Clayette 6,"23,00€"
135,Achat Salon des vignerons Mars 14,bue,2,30/03/2014,Clayette 6,"23,00€"
135,Achat Salon des vignerons Mars 14,bue,2,30/03/2014,Clayette 6,"23,00€"
136,Achat Salon des vignerons Nov 14,bue,2,30/11/2014,Clayette 5,26
137,Achat Salon des vignerons Mars 14,bue,2,30/03/2014,Clayette 4 & 6,15
137,Achat Salon des vignerons Mars 14,bue,2,30/03/2014,Clayette 4 & 6,15
141,Noël Hourlier 2012,bue,2,24/12/2012,Orleans,0
142,Achat Saumur Fevrier 18,bue,2,01/03/2018,0,"15,00€"
145,Achat WineandCO Dec 2014,bue,2,04/12/2014,Clayette 3,13
146,Achat Foire aux vins 2012,bue,2,01/11/2012,Clayette 1,23
147,Achat wineandco 2014,bue,2,03/02/2014,Clayette 7,"24,00€"
147,Achat wineandco 2014,bue,2,03/02/2014,Clayette 7,"24,00€"
147,Achat wineandco 2014,bue,2,03/02/2014,Clayette 7,"24,00€"
149,Cadeau Noël Hourlier 2015,bue,2,26/12/2015,chez Hourlier,0
151,Achat 1j1v Mai 2016,bue,2,01/06/2016,0,"17,00€"
151,Achat 1j1v Mai 2016,bue,2,01/06/2016,0,"17,00€"
152,Achat Soirée Mimile 2020,bue,2,14/07/2020,Chez Hourlier,"12,00€"
154,Achat Soirée Mimile 2020,bue,2,14/07/2020,Chez Hourlier,"12,00€"
155,Achat WineandCO Dec 2014,bue,2,04/12/2014,Orleans,"25,00€"
155,Achat WineandCO Dec 2014,bue,2,04/12/2014,Orleans,"25,00€"
160,SVI Dec 21,bue,2,02/12/2021,,"13,00€"
161,Achat 1j1v Dec 2015,bue,2,27/02/2016,Clayette 2,18
162,Achat 1j1v Dec 2015,bue,2,27/02/2016,Clayette 1,19
164,Achat 1j1v Dec 2015,bue,2,18/12/2015,Orleans,"34,00€"
165,Achat 1j1v Dec 2015,bue,2,18/12/2015,Clayette 2,35
171,SVI Mars 2017,bue,2,28/04/2017,0,"28,00€"
171,SVI Mars 2017,bue,2,28/04/2017,0,"28,00€"
171,SVI Mars 2017,bue,2,28/04/2017,0,"28,00€"
172,SVI Mars 2018,bue,2,10/04/2018,0,10
177,SVI Nov 2019,bue,2,29/11/2019,0,"14,00€"
179,Achat UnP St Emilion Avril 14,bue,2,16/04/2014,Clayette 3,"15,00€"
179,Achat UnP St Emilion Avril 14,bue,2,16/04/2014,Clayette 3,"15,00€"
182,Cadeau papa Juillet 21,bue,2,25/07/2021,Clayette 3,"12,00€"
182,Cadeau papa Juillet 21,bue,2,25/07/2021,Clayette 3,"12,00€"
184,Cadeau JM Hourlier Noël 2016,bue,2,24/12/2016,0,0
187,Cadeau Hourlier Anniversaire,bue,2,16/07/2012,Clayette 6,0
188,Achat EVG Vincent,bue,2,28/05/2016,0,"12,2"
188,Achat EVG Vincent,bue,2,28/05/2016,0,"12,2"
189,Achat EVG Vincent,bue,2,28/05/2016,CHez Hourlier,"9,10€"
189,Achat EVG Vincent,bue,2,28/05/2016,CHez Hourlier,"9,10€"
189,Achat EVG Vincent,bue,2,28/05/2016,CHez Hourlier,"9,10€"
189,Achat EVG Vincent,bue,2,28/05/2016,CHez Hourlier,"9,10€"
190,FAV Vente Privée 2017,bue,2,01/01/2016,0,"9,50€"
190,FAV Vente Privée 2017,bue,2,01/01/2016,0,"9,50€"
190,FAV Vente Privée 2017,bue,2,01/01/2016,0,"9,50€"
191,fav Vente Privée 2016,bue,2,15/10/2016,Clayette 6,"7,00€"
191,fav Vente Privée 2016,bue,2,15/10/2016,Clayette 6,"7,00€"
192,FAV Vente Privée 2017,bue,2,01/01/2016,0,"30,00€"
193,Achat 1j1v 24 Fevrier 2016,bue,2,01/01/2015,Clayette 2,"10,5"
196,Achat Papa Aout 2018,bue,2,01/01/2018,0,"0,00€"
199,Achat lot18.fr Nov,bue,2,05/11/2014,Clayette 6,"29,00€"
202,Achat WIB Nov 14,bue,2,26/11/2014,Clayettes 1 & 5,"9,00€"
203,Noël Hourlier 2011,bue,2,28/04/2012,Clayette 6,0
203,Noël Hourlier 2011,bue,2,28/04/2012,Clayette 6,0
204,Cadeau GP Hourlier Noël 2014,bue,2,25/12/2014,Chez Hourlier,0
205,Achat 1j1v Nov 2016,bue,2,17/12/2016,0,18
206,Achat 1j1v Nov 2016,bue,2,17/12/2016,Clayette 7,20
207,Achat 1j1v Mai 2016,bue,2,01/06/2016,0,"11,00€"
208,Cadeau de Noel Nadine 2018,bue,2,07/01/2019,Clayette 1,0
209,Achat Guillaume Aout,bue,2,15/10/2016,Clayette 1,"22,00€"
210,Achat WIB Nov 14,bue,2,26/11/2014,Clayettes 1 & 5,12
210,Achat WIB Nov 14,bue,2,26/11/2014,Clayettes 1 & 5,12
210,Achat WIB Nov 14,bue,2,26/11/2014,Clayettes 1 & 5,12
211,Achat WIB Mai 2015,bue,2,12/06/2015,Clayette 4,"11,5"
211,Achat WIB Mai 2015,bue,2,12/06/2015,Clayette 4,"11,5"
211,Achat WIB Mai 2015,bue,2,12/06/2015,Clayette 4,"11,5"
212,Cadeau JM Hourlier Noël 2016,bue,2,24/12/2016,0,0
213,Cadeau JM Hourlier Noël 2016,bue,2,24/12/2016,0,0
214,Achat Soirée Mimile 2020,bue,2,14/07/2020,Clayette 1,12
214,Achat Soirée Mimile 2020,bue,2,14/07/2020,Clayette 1,12
215,Achat Soirée Mimile 2020,bue,2,14/07/2020,0,12
218,SVI Dec 21,bue,2,02/12/2021,,"15,00€"
221,Foire aux vins wineinblack 2014,bue,2,08/09/2014,Clayette 7,"17,00€"
221,Foire aux vins wineinblack 2014,bue,2,08/09/2014,Clayette 7,"17,00€"
221,Foire aux vins wineinblack 2014,bue,2,08/09/2014,Clayette 7,"17,00€"
221,Foire aux vins wineinblack 2014,bue,2,08/09/2014,Clayette 7,"17,00€"
222,Achat Vinymer 2015,bue,2,06/08/2015,chez Hourlier,"8,00€"
222,Achat Vinymer 2015,bue,2,06/08/2015,chez Hourlier,"8,00€"
222,Achat Vinymer 2015,bue,2,06/08/2015,chez Hourlier,"8,00€"
225,1jour1vin Janvier 2015,bue,2,02/02/2015,Clayette 4 & 5 & 6,12
225,1jour1vin Janvier 2015,bue,2,02/02/2015,Clayette 4 & 5 & 6,12
225,1jour1vin Janvier 2015,bue,2,02/02/2015,Clayette 4 & 5 & 6,12
225,1jour1vin Janvier 2015,bue,2,02/02/2015,Clayette 4 & 5 & 6,12
226,Vente Privée Aout 2019,bue,2,14/09/2019,Clayette 1,"28,00€"
227,Vente Privée Aout 2019,bue,2,14/09/2019,Clayette 5,"16,00€"
227,Vente Privée Aout 2019,bue,2,14/09/2019,Clayette 5,"16,00€"
228,Achats Vignerons Indep Avril 2015,bue,2,12/05/2015,Orleans,26
228,Achats Vignerons Indep Avril 2015,bue,2,12/05/2015,Orleans,26
230,Achat WineandCO Dec 2014,bue,2,04/12/2014,Clayette 1,"13,5"
230,Achat WineandCO Dec 2014,bue,2,04/12/2014,Clayette 1,"13,5"
230,Achat WineandCO Dec 2014,bue,2,04/12/2014,Clayette 1,"13,5"
231,Achat Vouvray Avril 2013,bue,2,10/08/2013,Clayette 2,0
235,Achat Soirée Mimile 2020,bue,2,14/07/2020,Chez Hourlier,"7,00€"
235,Achat Soirée Mimile 2020,bue,2,14/07/2020,Chez Hourlier,"7,00€"
240,Achat Vinymer 2015,bue,2,06/08/2015,chez Hourlier,"7,00€"
240,Achat Vinymer 2015,bue,2,06/08/2015,chez Hourlier,"7,00€"
241,Achat Vinymer 2015,bue,2,06/08/2015,Clayette 1,"9,70€"
242,Cadeau Noël Hourlier 2015,bue,2,26/12/2015,chez Hourlier,0
243,Cadeau Noël Hourlier 2013,bue,2,26/12/2013,Clayette 3,0
244,Cadeau JM Hourlier Noël 2016,bue,2,24/12/2016,0,0
245,fav Vente Privée 2016,bue,2,15/10/2016,Clayette 1,"13,00€"
249,Achat FaV Guillaume,bue,2,15/10/2016,Clayette 6,13
249,Achat FaV Guillaume,bue,2,15/10/2016,Clayette 6,13
249,Achat FaV Guillaume,bue,2,15/10/2016,Clayette 6,13
250,WIB Jan 15,bue,2,27/01/2015,Clayette 4& 5,13
250,WIB Jan 15,bue,2,27/01/2015,Clayette 4& 5,13
250,WIB Jan 15,bue,2,27/01/2015,Clayette 4& 5,13
250,WIB Jan 15,bue,2,27/01/2015,Clayette 4& 5,13
250,WIB Jan 15,bue,2,27/01/2015,Clayette 4& 5,13
250,WIB Jan 15,bue,2,27/01/2015,Clayette 4& 5,13
251,SVI Nov 2019,bue,2,29/11/2019,Clayette 1,"35,00€"
251,SVI Nov 2019,bue,2,29/11/2019,Clayette 1,"35,00€"
255,Tarasteix,bue,2,24/07/2012,Clayette 2,0
255,Tarasteix,bue,2,24/07/2012,Clayette 2,0
255,Tarasteix,bue,2,24/07/2012,Clayette 2,0
258,SVI Mars 2017,bue,2,28/04/2017,0,"20,00€"
258,SVI Mars 2017,bue,2,28/04/2017,0,"20,00€"
258,SVI Mars 2017,bue,2,28/04/2017,0,"20,00€"
259,Achat 1j1v Jan 18,bue,2,25/04/2018,0,"25,00€"
262,SVI Dec 21,bue,2,02/12/2021,,
265,Thomas soirée Dec 2016,bue,2,29/12/2016,0,0
266,Achat WineandCO Dec 2014,bue,2,04/12/2014,Clayette 2,"15,5"
267,Achat 1j1v 24 Fevrier 2016,bue,2,29/04/2016,0,"16,50€"
267,Achat 1j1v 24 Fevrier 2016,bue,2,29/04/2016,0,"16,50€"
267,Achat 1j1v 24 Fevrier 2016,bue,2,29/04/2016,0,"16,50€"
267,Achat 1j1v 24 Fevrier 2016,bue,2,29/04/2016,0,"16,50€"
269,Achat 1j1v 24 Fevrier 2016,bue,2,29/04/2016,Clayettes 3& 5,11
269,Achat 1j1v 24 Fevrier 2016,bue,2,29/04/2016,Clayettes 3& 5,11
270,Achat Salon des vignerons Mars 14,bue,2,30/03/2014,Clayette 4 & 6,10
270,Achat Salon des vignerons Mars 14,bue,2,30/03/2014,Clayette 4 & 6,10
271,Achat Guillaume,bue,2,02/12/2017,Clayete 1,"21,00€"
272,Achat wineandco Avril 2016,bue,2,08/04/2016,Clayette 2,"19,7"
273,Achat Guillaume,bue,2,02/12/2017,Clayete 1,"21,00€"
276,Achat wineandco Avril 2016,bue,2,08/04/2016,Clayette 5,"15,2"
277,Achat wineandco Avril 2016,bue,2,08/04/2016,Clayette 5,"17,9"
281,Achat Vente privée Nov 2015,bue,2,27/02/2016,0,39
284,SVI Mars 2017,bue,2,28/04/2017,0,"10,5"
284,SVI Mars 2017,bue,2,28/04/2017,0,"10,5"
284,SVI Mars 2017,bue,2,28/04/2017,0,"10,5"
284,SVI Mars 2017,bue,2,28/04/2017,0,"10,5"
284,SVI Mars 2017,bue,2,28/04/2017,0,"10,5"
284,SVI Mars 2017,bue,2,28/04/2017,0,"10,5"
286,WE Sancerre Mai 2015,bue,2,08/05/2015,Chez Hourlier,"18,00€"
286,WE Sancerre Mai 2015,bue,2,08/05/2015,Chez Hourlier,"18,00€"
287,WE Sancerre Mai 2015,bue,2,08/05/2015,Chez Hourlier,"18,00€"
287,WE Sancerre Mai 2015,bue,2,08/05/2015,Chez Hourlier,"18,00€"
287,WE Sancerre Mai 2015,bue,2,08/05/2015,Chez Hourlier,"18,00€"
288,Salon des VI Mars 2015,bue,2,29/03/2015,Clayette 1 & 3,8
288,Salon des VI Mars 2015,bue,2,29/03/2015,Clayette 1 & 3,8
288,Salon des VI Mars 2015,bue,2,29/03/2015,Clayette 1 & 3,8
289,SVI Mars 2018,bue,2,10/04/2018,0,"28,50€"
291,Cadeau de Noel Nadine 2018,bue,2,07/01/2019,Clayette 1,0
292,Foire aux vins wineandco 2014,bue,2,17/09/2014,Clayette 6 & 7,17
292,Foire aux vins wineandco 2014,bue,2,17/09/2014,Clayette 6 & 7,17
292,Foire aux vins wineandco 2014,bue,2,17/09/2014,Clayette 6 & 7,17
292,Foire aux vins wineandco 2014,bue,2,17/09/2014,Clayette 6 & 7,17
292,Foire aux vins wineandco 2014,bue,2,17/09/2014,Clayette 6 & 7,17
293,Achat WIB Mars 2016,bue,2,18/03/2016,0,13
296,Achat WIB Guillaume,bue,2,25/06/2016,Clayette 1,20
296,Achat WIB Guillaume,bue,2,25/06/2016,Clayette 1,20
298,SVI Dec 21,bue,2,02/12/2021,,"10,00€"
299,SVI Mars 2018,bue,2,10/04/2018,0,"16,5"
299,SVI Mars 2018,bue,2,10/04/2018,0,"16,5"
299,SVI Mars 2018,bue,2,10/04/2018,0,"16,5"
300,SVI Mars 2017,bue,2,28/04/2017,Cave,"21,5"
300,SVI Mars 2017,bue,2,28/04/2017,Cave,"21,5"
300,SVI Mars 2017,bue,2,28/04/2017,Cave,"21,5"
300,SVI Mars 2017,bue,2,28/04/2017,Cave,"21,5"
301,Salon des VI Mars 2015,bue,2,29/03/2015,Clayette 7,"9,00€"
301,Salon des VI Mars 2015,bue,2,29/03/2015,Clayette 7,"9,00€"
301,Salon des VI Mars 2015,bue,2,29/03/2015,Clayette 7,"9,00€"
302,Salon des VI Mars 2015,bue,2,29/03/2015,0,"16,00€"
306,"Achat Papa, jamais payé",bue,2,01/05/2017,0,0
308,Achat papa,bue,2,01/02/2020,0,"0,00€"
309,Achat papa,bue,2,01/02/2020,Clayette 1,"12,00€"
309,Achat papa,bue,2,01/02/2020,Clayette 1,"12,00€"
309,Achat papa,bue,2,01/02/2020,Clayette 1,"12,00€"
309,Achat papa,bue,2,01/02/2020,Clayette 1,"12,00€"
310,Ventes Privées Mai 2017,bue,2,01/07/2017,Clayette 3,34
310,Ventes Privées Mai 2017,bue,2,01/07/2017,Clayette 3,34
311,Cadeau Grands Parents Hourlier Noël 2016,bue,2,24/12/2016,0,"0,00€"
311,Cadeau Grands Parents Hourlier Noël 2016,bue,2,24/12/2016,0,"0,00€"
313,Foire aux vins 2014 (monop),bue,2,10/09/2014,Orleans,"20,00€"
314,Achat 1j1v Juin 2016,bue,2,11/07/2016,Clayette 7,12
314,Achat 1j1v Juin 2016,bue,2,11/07/2016,Clayette 7,12
315,Achat 1j1v Oct 2015,bue,2,17/10/2015,Clayette 2 & 4,10
315,Achat 1j1v Oct 2015,bue,2,17/10/2015,Clayette 2 & 4,10
315,Achat 1j1v Oct 2015,bue,2,17/10/2015,Clayette 2 & 4,10
316,Achat 1j1v Oct 2015,bue,2,17/10/2015,Orleans,"13,50€"
321,SVI Mars 2018,bue,2,10/04/2018,0,"17,10€"
324,Cadeau JM Hourlier Juillet 2015,bue,2,20/08/2015,Clayette 1,0
325,Cadeau Hourlier Anniversaire,bue,2,01/08/2016,0,"0,00€"
326,Cadeau Hourlier Anniversaire,bue,2,01/08/2016,0,0
327,Anniversaire Hourlier 2014,bue,2,24/07/2014,Orleans,"0,00€"
327,Anniversaire Hourlier 2014,bue,2,24/07/2014,Orleans,"0,00€"
328,Cadeau Hourlier Anniversaire,bue,2,01/08/2016,0,0
328,Cadeau Hourlier Anniversaire,bue,2,01/08/2016,0,0
331,Achat 1j1v Mars 2016,bue,2,08/04/2016,Clayette 2,12
331,Achat 1j1v Mars 2016,bue,2,08/04/2016,Clayette 2,12
334,Achat groupé collegues SG Sept 18,bue,2,08/09/2018,Clayette 1,0
335,SVI Nov 2019,bue,2,29/11/2019,0,"12,00€"
335,SVI Nov 2019,bue,2,29/11/2019,0,"12,00€"
337,Achats Vignerons Indep Avril 2015,bue,2,12/05/2015,Orleans,"14,00€"
337,Achats Vignerons Indep Avril 2015,bue,2,12/05/2015,Orleans,"14,00€"
339,Cadeau Noël Hourlier 2015,bue,2,26/12/2015,chez Hourlier,0
340,Achat venteprivée Nov 2016,bue,2,14/11/2016,Clayette 4,"37,00€"
340,Achat venteprivée Nov 2016,bue,2,14/11/2016,Clayette 4,"37,00€"
340,Achat venteprivée Nov 2016,bue,2,14/11/2016,Clayette 4,"37,00€"
340,Achat venteprivée Nov 2016,bue,2,14/11/2016,Clayette 4,"37,00€"
342,Achat venteprivée Nov 2015,bue,2,14/12/2015,Clayette 6,30
343,Achat venteprivée Nov 2015,bue,2,14/12/2015,Clayette 1,16
343,Achat venteprivée Nov 2015,bue,2,14/12/2015,Clayette 1,16
343,Achat venteprivée Nov 2015,bue,2,14/12/2015,Clayette 1,16
344,Achat venteprivée Nov 2015,bue,2,14/12/2015,Clayette 1,16
344,Achat venteprivée Nov 2015,bue,2,14/12/2015,Clayette 1,16
344,Achat venteprivée Nov 2015,bue,2,14/12/2015,Clayette 1,16
345,Achat 1j1V Aout 2015,bue,2,18/09/2015,Clayette 1,"19,00€"
345,Achat 1j1V Aout 2015,bue,2,18/09/2015,Clayette 1,"19,00€"
345,Achat 1j1V Aout 2015,bue,2,18/09/2015,Clayette 1,"19,00€"
345,Achat 1j1V Aout 2015,bue,2,18/09/2015,Clayette 1,"19,00€"
347,Achat 1j1v Juin 2015,bue,2,12/06/2015,Clayette 4,"31,5"
347,Achat 1j1v Juin 2015,bue,2,12/06/2015,Clayette 4,"31,5"
349,Achat 1j1v Juin 2015,bue,2,12/06/2015,Clayette 1,15
349,Achat 1j1v Juin 2015,bue,2,12/06/2015,Clayette 1,15
349,Achat 1j1v Juin 2015,bue,2,12/06/2015,Clayette 1,15
358,Achat 1j1v Juin 2015,bue,2,12/06/2015,Clayette 7 & 2,13
358,Achat 1j1v Juin 2015,bue,2,12/06/2015,Clayette 7 & 2,13
358,Achat 1j1v Juin 2015,bue,2,12/06/2015,Clayette 7 & 2,13
358,Achat 1j1v Juin 2015,bue,2,12/06/2015,Clayette 7 & 2,13
358,Achat 1j1v Juin 2015,bue,2,12/06/2015,Clayette 7 & 2,13
358,Achat 1j1v Juin 2015,bue,2,12/06/2015,Clayette 7 & 2,13
360,Achat 1j1v Avril 2018,bue,2,25/04/2018,0,"14,50€"
360,Achat 1j1v Avril 2018,bue,2,25/04/2018,0,"14,50€"
360,Achat 1j1v Avril 2018,bue,2,25/04/2018,0,"14,50€"
360,Achat 1j1v Avril 2018,bue,2,25/04/2018,0,"14,50€"
360,Achat 1j1v Avril 2018,bue,2,25/04/2018,0,"14,50€"
362,Achat Angers Oct 17,bue,2,27/10/2017,0,"5,50€"
363,Achat Angers Oct 17,bue,2,27/10/2017,0,"7,00€"
363,Achat Angers Oct 17,bue,2,27/10/2017,0,"7,00€"
365,Achat WIB Nov 14,bue,2,26/11/2014,Clayette 1,23
367,Achat WineandCO Dec 2014,bue,2,04/12/2014,Clayette 5,16
368,Achat WineandCO Dec 2014,bue,2,04/12/2014,Clayette 4 & 5,18
368,Achat WineandCO Dec 2014,bue,2,04/12/2014,Clayette 4 & 5,18
370,Cadeau Clouté,bue,2,24/07/2011,Clayette 2,0
371,Achat Juillet 2015 Papa,bue,2,14/07/2015,0,0
371,Achat Juillet 2015 Papa,bue,2,14/07/2015,0,0
371,Achat Juillet 2015 Papa,bue,2,14/07/2015,0,0
373,cadeau papa 2013,bue,2,30/09/2013,Clayette 1,0
375,Cadeau Papa,bue,2,25/08/2017,Clayette 1,0
376,Achat 1j1v Juin 2016,bue,2,11/07/2016,Clayette 1,11
376,Achat 1j1v Juin 2016,bue,2,11/07/2016,Clayette 1,11
376,Achat 1j1v Juin 2016,bue,2,11/07/2016,Clayette 1,11
377,Achat 1j1v Juin 2016,bue,2,11/07/2016,Clayette 1,"11,50€"
378,Achat 1j1v Jan 18,bue,2,24/04/2018,Clayette 1,"11,5"
378,Achat 1j1v Jan 18,bue,2,24/04/2018,Clayette 1,"11,5"
379,Achat Papa Aout 2018,bue,2,01/01/2018,0,"0,00€"
382,Achat Papa,bue,2,07/05/2011,Clayette 2,0
385,Achat 1j1v Dec 2017,bue,2,01/01/2013,0,"35,00€"
388,Noel Memere 2020,bue,2,25/12/2020,Clayette 1,0
391,Achat 1j1v Dec 2015,bue,2,01/01/2012,Clayette 6,"16,00€"
391,Achat 1j1v Dec 2015,bue,2,01/01/2012,Clayette 6,"16,00€"
392,Foire aux vins wineinblack 2014,bue,2,08/09/2014,Clayette 2,17
394,SVI Nov 2016,bue,2,25/11/2016,0,"34,00€"
395,Cadeau JM Hourlier Noël 2016,bue,2,24/12/2016,0,"0,00€"
399,Cadeau JM Hourlier Juillet 2015,bue,2,20/08/2015,Clayette 6,0
403,Achat Papa Septembre 2014,bue,2,01/09/2014,Clayette 5,"4,50€"
403,Achat Papa Septembre 2014,bue,2,01/09/2014,Clayette 5,"4,50€"
403,Achat Papa Septembre 2014,bue,2,01/09/2014,Clayette 5,"4,50€"
405,Cadeau Noël Hourlier 2013,bue,2,26/12/2013,Clayette 4,0
406,Cadeau JM Hourlier Noël 2014,bue,2,25/12/2014,P,0
410,Achat Guillaume,bue,2,30/11/2014,Clayette 2,"16,00€"
410,Achat Guillaume,bue,2,30/11/2014,Clayette 2,"16,00€"
410,Achat Guillaume,bue,2,30/11/2014,Clayette 2,"16,00€"
410,Achat Guillaume,bue,2,30/11/2014,Clayette 2,"16,00€"
410,Achat Guillaume,bue,2,30/11/2014,Clayette 2,"16,00€"
411,Achat Papa,bue,2,28/04/2012,Clayette 3,0
412,Parents (Anniversaire),bue,2,25/07/2012,Clayette 4,0
413,Achat Guillaume,bue,2,30/11/2014,Clayettes 5 & 3,12
413,Achat Guillaume,bue,2,30/11/2014,Clayettes 5 & 3,12
413,Achat Guillaume,bue,2,30/11/2014,Clayettes 5 & 3,12
413,Achat Guillaume,bue,2,30/11/2014,Clayettes 5 & 3,12
413,Achat Guillaume,bue,2,30/11/2014,Clayettes 5 & 3,12
413,Achat Guillaume,bue,2,30/11/2014,Clayettes 5 & 3,12
414,Achat Papa Mars 21,bue,2,31/03/2021,0,"15,00€"
417,Achat Foire aux vins 2012,bue,2,01/11/2012,Clayette 1,0
418,Achat VP Nov 17,bue,2,04/12/2017,Clayette 1,34
419,Foire aux vins monoprix 2019,bue,2,29/09/2019,0,"20,00€"
420,Achat 1j1v Mars 2016,bue,2,08/04/2016,Clayette 6,"20,00€"
420,Achat 1j1v Mars 2016,bue,2,08/04/2016,Clayette 6,"20,00€"
420,Achat 1j1v Mars 2016,bue,2,08/04/2016,Clayette 6,"20,00€"
420,Achat 1j1v Mars 2016,bue,2,08/04/2016,Clayette 6,"20,00€"
421,Achat 1j1v Mars 2016,bue,2,08/04/2016,Clayette 4 & 5,17
421,Achat 1j1v Mars 2016,bue,2,08/04/2016,Clayette 4 & 5,17
425,Achat 1j1v Fevrier 19,bue,2,20/02/2019,0,"41,50€"
425,Achat 1j1v Fevrier 19,bue,2,20/02/2019,0,"41,50€"
426,SVI Nov 2019,bue,2,29/11/2019,0,"22,50€"
426,SVI Nov 2019,bue,2,29/11/2019,0,"22,50€"
426,SVI Nov 2019,bue,2,29/11/2019,0,"22,50€"
431,SVI Nov 2016,bue,2,25/11/2016,0,"16,00€"
431,SVI Nov 2016,bue,2,25/11/2016,0,"16,00€"
431,SVI Nov 2016,bue,2,25/11/2016,0,"16,00€"
431,SVI Nov 2016,bue,2,25/11/2016,0,"16,00€"
434,Cadeau JM,bue,2,14/07/2015,Clayette 3,0
439,Achat Papa Fev 2016,bue,2,20/02/2016,0,"8,00€"
440,Achat Papa Fev 2016,bue,2,20/02/2016,0,14
442,Achat Juillet 2015 Papa,bue,2,14/07/2015,0,"5,5"
442,Achat Juillet 2015 Papa,bue,2,14/07/2015,0,"5,5"
444,Achat Papa Aout 2018,bue,2,01/01/2018,0,"6,5"
445,Achat Papa Aout 2018,bue,2,01/01/2018,0,6
450,Achat WIB Mai 3015,bue,2,12/06/2015,Clayette 1,"11,5"
450,Achat WIB Mai 3015,bue,2,12/06/2015,Clayette 1,"11,5"
450,Achat WIB Mai 3015,bue,2,12/06/2015,Clayette 1,"11,5"
451,WIB Jan 15,bue,2,27/01/2015,Clayette 2,18
451,WIB Jan 15,bue,2,27/01/2015,Clayette 2,18
454,SVI Nov 2016,bue,2,25/11/2016,0,36
454,SVI Nov 2016,bue,2,25/11/2016,0,36
458,Achat 1j1v Avril 2016,bue,2,11/05/2016,0,34
459,Achat 1j1v Dec 2016,bue,2,17/12/2016,Clayette 1 & 7,34
459,Achat 1j1v Dec 2016,bue,2,17/12/2016,Clayette 1 & 7,34
459,Achat 1j1v Dec 2016,bue,2,17/12/2016,Clayette 1 & 7,34
459,Achat 1j1v Dec 2016,bue,2,17/12/2016,Clayette 1 & 7,34
459,Achat 1j1v Dec 2016,bue,2,17/12/2016,Clayette 1 & 7,34
460,Achat 1j1v Avril 2016,bue,2,11/05/2016,0,10
460,Achat 1j1v Avril 2016,bue,2,11/05/2016,0,10
460,Achat 1j1v Avril 2016,bue,2,11/05/2016,0,10
461,Cadeau Noël Hourlier 2015,bue,2,26/12/2015,chez Hourlier,0
462,fav Vente Privée 2016,bue,2,01/01/2012,Clayettes 3 & 4,"23,00€"
463,fav Vente Privée 2016,bue,2,01/01/2012,Clayettes 3 & 4,"20,00€"
463,fav Vente Privée 2016,bue,2,01/01/2012,Clayettes 3 & 4,"20,00€"
463,fav Vente Privée 2016,bue,2,01/01/2012,Clayettes 3 & 4,"20,00€"
465,SVI Dec 21,bue,2,02/12/2021,,"26,80€"
471,WE Sancerre Mai 2015,bue,2,08/05/2015,Chez Hourlier,"23,00€"
471,WE Sancerre Mai 2015,bue,2,08/05/2015,Chez Hourlier,"23,00€"
471,WE Sancerre Mai 2015,bue,2,08/05/2015,Chez Hourlier,"23,00€"
473,Noël Hourlier 2012,bue,2,24/12/2012,Clayette 2,0
474,Cadeau JM Hourlier Juillet 2015,bue,2,20/08/2015,0,0
475,Achat 1jour1Vin Juillet 2015,bue,2,27/09/2015,Clayette 1,15
475,Achat 1jour1Vin Juillet 2015,bue,2,27/09/2015,Clayette 1,15
475,Achat 1jour1Vin Juillet 2015,bue,2,27/09/2015,Clayette 1,15
477,Achat Guillaume 1j1v,bue,2,25/06/2016,Clayette 1,"23,00€"
478,Achat 1j1v Juin 2016,bue,2,11/07/2016,Clayette 7,12
480,SVI Dec 21,bue,2,02/12/2021,,"10,50€"
482,FAV Vente Privée 2018,bue,2,10/09/2018,Clayette 5,"24,00€"
482,FAV Vente Privée 2018,bue,2,10/09/2018,Clayette 5,"24,00€"
483,Achat 1j1v Mai 2016,bue,2,01/06/2016,0,"10,00€"
483,Achat 1j1v Mai 2016,bue,2,01/06/2016,0,"10,00€"
483,Achat 1j1v Mai 2016,bue,2,01/06/2016,0,"10,00€"
483,Achat 1j1v Mai 2016,bue,2,01/06/2016,0,"10,00€"
484,Achat 1j1v Mai 2016,bue,2,01/06/2016,0,"20,00€"
484,Achat 1j1v Mai 2016,bue,2,01/06/2016,0,"20,00€"
484,Achat 1j1v Mai 2016,bue,2,01/06/2016,0,"20,00€"
484,Achat 1j1v Mai 2016,bue,2,01/06/2016,0,"20,00€"
485,Achat lot18.fr Nov,bue,2,05/11/2014,Clayette 4,13
486,Achat 1j1v Mai 2016,bue,2,01/06/2016,0,"14,00€"
486,Achat 1j1v Mai 2016,bue,2,01/06/2016,0,"14,00€"
486,Achat 1j1v Mai 2016,bue,2,01/06/2016,0,"14,00€"
486,Achat 1j1v Mai 2016,bue,2,01/06/2016,0,"14,00€"
487,Achat Soirée Mimile 2020,bue,2,14/07/2020,Chez Hourlier,12
489,Achat 1j1v Nov 2016,bue,2,17/12/2016,Clayette 1,8
489,Achat 1j1v Nov 2016,bue,2,17/12/2016,Clayette 1,8
490,Achat 1j1v Avril 2018,bue,2,25/04/2018,0,"21,5"
490,Achat 1j1v Avril 2018,bue,2,25/04/2018,0,"21,5"